{
  "fuzzy_baseline": 0.8556338028169014,
  "ga": {
    "best": 0.9084507042253521,
    "mean": 0.88943661971831,
    "std": 0.012115951080341742,
    "hparams": {
      "pop_size": 15,
      "generations": 58,
      "mutation_rate": 0.19082205446138484,
      "crossover_rate": 0.7348957758889707
    }
  },
  "pso": {
    "best": 0.8943661971830986,
    "mean": 0.8845070422535212,
    "std": 0.006057975540170856,
    "hparams": {
      "n_particles": 52,
      "max_iter": 27,
      "w_start": 0.8288300501500232,
      "c1": 2.193700315892974,
      "c2": 1.8916655057071825
    }
  },
  "qpso": {
    "best": 0.9154929577464789,
    "mean": 0.9098591549295776,
    "std": 0.0028169014084507005,
    "hparams": {
      "n_particles": 46,
      "max_iter": 48,
      "beta": 0.6599849494908017
    },
    "warm_start": "ga_best_vector"
  },
  "ml_india": {
    "rf_top5": 0.9155,
    "gb_top5": 0.9331
  },
  "ml_vellore": {
    "rf_top5_mean": 0.9929,
    "rf_top5_std": 0.0087,
    "gb_top5_mean": 0.9858,
    "gb_top5_std": 0.0133
  }
}